{
  "active": {
    "cast": {
      "animation": "spell_engine:one_handed_projectile_charge",
      "duration": 1.5,
      "particles": [
        {
          "count": 1.0,
          "max_speed": 0.1,
          "min_speed": 0.05,
          "origin": "FEET",
          "particle_id": "spell_engine:flame",
          "shape": "WIDE_PIPE"
        }
      ],
      "sound": {
        "id": "spell_engine:generic_fire_casting"
      }
    }
  },
  "cost": {
    "cooldown": {
      "duration": 8.0
    },
    "exhaust": 0.5
  },
  "deliver": {
    "type": "PROJECTILE",
    "projectile": {
      "launch_properties": {
        "sound": {
          "id": "spell_engine:generic_fire_release"
        }
      },
      "projectile": {
        "client_data": {
          "light_level": 12,
          "model": {
            "model_id": "one_piece_api:fireball",
            "scale": 0.5
          },
          "travel_particles": [
            {
              "count": 3.0,
              "max_speed": 0.1,
              "origin": "CENTER",
              "particle_id": "spell_engine:flame",
              "rotation": "LOOK",
              "shape": "CIRCLE"
            },
            {
              "count": 3.0,
              "max_speed": 0.1,
              "origin": "CENTER",
              "particle_id": "spell_engine:smoke_large",
              "rotation": "LOOK",
              "shape": "CIRCLE"
            }
          ]
        }
      }
    }
  },
  "group": "primary",
  "impacts": [
    {
      "action": {
        "type": "DAMAGE",
        "damage": {
          "knockback": 0.8,
          "spell_power_coefficient": 0.8
        }
      },
      "particles": [
        {
          "count": 15.0,
          "max_speed": 0.1,
          "min_speed": 0.01,
          "origin": "CENTER",
          "particle_id": "spell_engine:smoke_large",
          "shape": "SPHERE"
        },
        {
          "count": 15.0,
          "max_speed": 0.2,
          "min_speed": 0.1,
          "origin": "CENTER",
          "particle_id": "spell_engine:flame_medium_b",
          "shape": "CIRCLE"
        }
      ],
      "sound": {
        "id": "spell_engine:signal_spell_crit"
      }
    },
    {
      "action": {
        "type": "FIRE",
        "fire": {
          "duration": 4.0
        }
      }
    }
  ],
  "range": 30.0,
  "release": {
    "animation": "spell_engine:one_handed_projectile_release"
  },
  "school": "spell_power:physical_melee",
  "target": {
    "type": "AIM",
    "aim": {}
  },
  "tier": 1
}