{
  "active": {
    "cast": {
      "animation": "spell_engine:one_handed_throw_charge",
      "channel_ticks": 1,
      "duration": 0.25
    }
  },
  "cost": {
    "cooldown": {
      "duration": 8.0
    },
    "exhaust": 0.5
  },
  "deliver": {
    "type": "CUSTOM",
    "custom": {
      "handler": "one_piece_content:shishi_sonson"
    }
  },
  "impacts": [
    {
      "action": {
        "type": "DAMAGE",
        "damage": {
          "knockback": 0.0,
          "spell_power_coefficient": 0.0
        }
      },
      "particles": [
        {
          "count": 25.0,
          "max_speed": 0.15,
          "min_speed": 0.15,
          "origin": "FEET",
          "particle_id": "spell_engine:smoke_medium",
          "pre_spawn_travel": 1.0,
          "shape": "CIRCLE"
        }
      ]
    }
  ],
  "range": 0.0,
  "range_mechanic": "MELEE",
  "release": {
    "animation": "spell_engine:dual_handed_weapon_cross",
    "particles": [
      {
        "count": 25.0,
        "max_speed": 0.15,
        "min_speed": 0.15,
        "origin": "FEET",
        "particle_id": "spell_engine:smoke_medium",
        "pre_spawn_travel": 1.0,
        "shape": "CIRCLE"
      }
    ],
    "sound": {
      "id": "minecraft:entity.player.attack.sweep"
    }
  },
  "school": "spell_power:physical_melee",
  "target": {
    "type": "AREA",
    "area": {
      "vertical_range_multiplier": 0.5
    }
  },
  "tier": 1
}