{
  "active": {
    "cast": {
      "animation": "spell_engine:one_handed_throw_charge",
      "duration": 0.5
    }
  },
  "cost": {
    "cooldown": {
      "duration": 8.0
    },
    "exhaust": 0.5
  },
  "deliver": {
    "type": "CUSTOM",
    "custom": {
      "handler": "one_piece_content:yakkodori"
    }
  },
  "range": 5.0,
  "release": {
    "animation": "spell_engine:one_handed_shout_release",
    "sound": {
      "id": "minecraft:entity.player.attack.sweep"
    }
  },
  "school": "spell_power:physical_melee",
  "target": {
    "type": "AIM",
    "aim": {}
  },
  "tier": 1
}